<?xml version="1.0" encoding="UTF-8" standalone="yes"?>
<addon id="script.account.and.pair" name="Create an account" version="0.0.1" provider-name="Anonymous">
  <requires>
    <import addon="xbmc.python" version="2.1.0"/>
  </requires>
  <extension point="xbmc.python.script" library="addon.py">
    <provides>executable</provides>
  </extension>
  <extension point="xbmc.addon.metadata">
    <platform>all</platform>
    <summary lang="en">To create your account!</summary>
	<summary lang="pt">Para criar a sua conta! </summary>
    <description lang="en">Tool for easy access to the sites for its resistance and its Pair mode.</description>
	<description lang="pt">ferramenta para fácil acesso ao sites para o seu resisto e seu modo Pair.</description>
	<disclaimer>Create an account and Pair With</disclaimer>
  </extension>
</addon>
