<?xml version="1.0" encoding="UTF-8" standalone="yes"?>
<addon id="plugin.video.Infotec-Kodi-Online"
       name="Infotec-Kodi-Online"
       version="1.0.1"
       provider-name="By Infotec-Kodi-Online">
  <requires>
    <import addon="xbmc.python" version="2.1.0"/>
	<import addon="script.module.t0mm0.common" version="2.0.0"/>
    <import addon="script.module.beautifulsoup" version="3.2.1"/>
    <import addon="script.module.simple.downloader" version="0.9.4"/>
    <import addon="script.module.beautifulsoup4" />
    <import addon="script.module.simple.downloader" version="0.9.4"/>
    <import addon="script.module.requests" />
    <import addon="script.module.httplib2" />
    <import addon="script.module.youtube.dl" optional="true"/>
    <import addon="plugin.video.youtube" version="3.0.0"/>
    <import addon="script.module.urlresolver" optional="true"/>
    <import addon="script.module.simplejson" /> 
    <import addon="script.common.plugin.cache" version="2.5.2"/>
    <import addon="script.module.metahandler" version="2.5.1"/>

  </requires>
  	<extension point="xbmc.addon.repository" name="Repositório Infotec Kodi Online">
		<info compressed="false">https://raw.githubusercontent.com/infosidnei/Infotec-Kodi-Online/addons.xml</info>
		<checksum>https://raw.githubusercontent.com/infosidnei/Infotec-Kodi-Online/master/addons.xml.md5</checksum>
		<datadir zip="true">https://raw.githubusercontent.com/infosidnei/Infotec-Kodi-Online/master/zip/</datadir>
	</extension>
  
 	<extension point="xbmc.addon.metadata">
		<summary>Repositório</summary>
		<description>Repositório Infotec-Kodi-Online</description>
		<disclaimer></disclaimer>
		<platform>all</platform>
	</extension>
	<assets>
       <icon>icon.png</icon>
       <fanart>fanart.jpg</fanart>
       <screenshot>resources/screenshots/1.jpg</screenshot>
       <screenshot>resources/screenshots/2.jpg</screenshot>
       <screenshot>resources/screenshots/3.jpg</screenshot>
    </assets>
  </extension>
</addon>
